Time,Sensor Angle,Ultrasonic,Radar,LiDAR
10:25:24,0°,,,2.67
10:25:40,0°,,2.615,
10:25:41,0°,2.565,,
10:25:49,0°,,,2.66
10:26:14,0°,,,2.76
10:26:39,0°,,,2.68
10:26:40,0°,,2.616,
10:26:43,0°,2.568,,
10:27:40,0°,,2.617,
10:27:46,0°,2.564,,
10:28:40,0°,,2.618,
10:28:49,0°,2.566,,
10:55:40,10°,,2.707,
10:55:57,10°,2.736,,
10:56:40,10°,,2.702,
10:57:00,10°,2.725,,
10:57:40,10°,,2.625,
10:58:03,10°,2.585,,
10:58:40,10°,,2.624,
10:58:45,10°,,,2.79
10:59:05,10°,2.584,,
10:59:35,10°,,,2.79
11:00:00,10°,,,2.9
11:01:40,10°,,,2.76
11:19:40,15°,,2.749,
11:19:58,15°,2.825,,
11:20:40,15°,,2.761,
11:21:40,15°,,2.745,
11:22:40,15°,,2.772,
11:23:06,15°,2.823,,
11:24:09,15°,2.826,,
11:25:12,20°,2.888,,
11:25:40,20°,,0.956,
11:26:14,20°,2.884,,
11:26:40,20°,,0.927,
11:27:17,20°,2.885,,
11:27:40,20°,,0.958,
11:28:19,20°,2.886,,
11:28:21,20°,,,2.68
11:28:42,20°,,0.948,
11:29:22,25°,2.994,,
11:29:41,25°,,0.992,
11:30:25,25°,2.974,,
11:30:40,25°,,0.998,
11:30:51,25°,,,2.74
11:31:28,25°,2.964,,
11:31:40,25°,,0.985,
11:32:30,25°,2.965,,
11:32:40,25°,,0.964,
11:34:35,30°,3.038,,
11:35:38,30°,3.031,,
11:36:41,30°,3.029,,
11:37:43,30°,3.034,,
11:42:40,32°,,,3.64
11:42:57,32°,,,3.68
11:43:22,32°,,,3.71
11:44:22,32°,,,3.68
